NUM_CONCEPTO,GRUPO_FUNCIONAL,ES_CONSUMO,ES_SERVICIO,ES_TRIBUTO,ES_BONIFICACION,ES_IVA,ES_ADITIVO
A40,CANON_AGUA,false,false,true,false,false,true
CA1,CANON_AGUA,false,false,true,false,false,true
CA2,CANON_AGUA,false,false,true,false,false,true
CA3,CANON_AGUA,false,false,true,false,false,true
CA4,CANON_AGUA,false,false,true,false,false,true
CA6,CANON_AGUA,false,false,true,false,false,true
CA7,CANON_AGUA,false,false,true,false,false,true
CA5,IVA,false,false,true,false,true,true
IVN,IVA,false,false,true,false,true,true
IVE,IVA,false,false,true,false,true,true
CL4,IVA,false,false,true,false,true,true
CL6,IVA,false,false,true,false,true,true
C02,IVA,false,false,true,false,true,true
C04,IVA,false,false,true,false,true,true
CON,CONSERVACION,false,true,false,false,false,true
BSA,BONIFICACION,false,false,false,true,false,true
BSQ,BONIFICACION,false,false,false,true,false,true
BOS,BONIFICACION,false,false,false,true,false,true
BEA,BONIFICACION,false,false,false,true,false,true
BEP,BONIFICACION,false,false,false,true,false,true
BTD,BONIFICACION,false,false,false,true,false,true
BOP,BONIFICACION,false,false,false,true,false,true
BUF,BONIFICACION,false,false,false,true,false,true
TAM,RESIDUOS,false,false,true,false,false,true
B10,EQUIPO_CI,false,true,false,false,false,true
B25,EQUIPO_CI,false,true,false,false,false,true
B45,EQUIPO_CI,false,true,false,false,false,true
B70,EQUIPO_CI,false,true,false,false,false,true
SPR,EQUIPO_CI,false,true,false,false,false,true
CL3,ALCANTARILLADO,false,true,false,false,false,true
CL5,ALCANTARILLADO,false,true,false,false,false,true
CN1,REPERCUSION_CANON,false,false,true,false,false,true
CN2,REPERCUSION_CANON,false,false,true,false,false,true
CN3,REPERCUSION_CANON,false,false,true,false,false,true
CN4,REPERCUSION_CANON,false,false,true,false,false,true
CN6,REPERCUSION_CANON,false,false,true,false,false,true
CN7,REPERCUSION_CANON,false,false,true,false,false,true
FIA,FIANZA,false,false,false,false,false,true
FIF,FIANZA,false,false,false,false,false,true
FIN,FINANCIACION,false,false,false,false,false,true
C01,CONTRATACION,false,true,false,false,false,true
C03,CONTRATACION,false,true,false,false,false,true
CAP,PEAJE,false,true,false,false,false,true
BAE,TRIBUTO_OBSOLETO,false,false,true,false,false,true
CTG,TRIBUTO_OBSOLETO,false,false,true,false,false,true
PBR,TRIBUTO_OBSOLETO,false,false,true,false,false,true
TER,TRIBUTO_OBSOLETO,false,false,true,false,false,true
A001,CONSUMO_AGUA,true,false,false,false,false,true
A002,CONSUMO_AGUA,true,false,false,false,false,true
A003,CONSUMO_AGUA,true,false,false,false,false,true
A004,CONSUMO_AGUA,true,false,false,false,false,true
A005,CONSUMO_AGUA,true,false,false,false,false,true
A010,CUOTA_SERVICIO,false,true,false,false,false,true
A011,CUOTA_SERVICIO,false,true,false,false,false,true
A012,CUOTA_SERVICIO,false,true,false,false,false,true
A020,ALCANTARILLADO,false,true,false,false,false,true
A021,SANEAMIENTO,false,true,false,false,false,true
A022,RESIDUOS,false,false,true,false,false,true
C001,INFRAESTRUCTURA_HIDRAULICA,false,false,true,false,false,true
C002,INFRAESTRUCTURA_HIDRAULICA,false,false,true,false,false,true
C003,INFRAESTRUCTURA_HIDRAULICA,false,false,true,false,false,true
I001,IVA,false,false,true,false,true,true
I002,IVA,false,false,true,false,true,true