"NUM_MUN_SGAB";"NOM_MUN_SGAB";"QL_CRITERI_FACT";"ID_MUN_CP_UNIC";"CP_PROVINCIA";"UNITAT_REPARTIMENT";"NUM_DTE_POST";"NUM_DEL_SGAB";"NUM_AGENCIA_SGAB";"ID_AREA_LECT";"ID_EMPRESA";"DELEGA_CO";"QL_GEST_DTE";"ID_MUNI_ENT_MET";"NOMB_DIES_ANS";"MUNI_GENERALITAT";"CODI_PROV";"CODI_MUNI";"QL_TIPUS_VENDA";"CODI_MUNICIPI"
"  ";"NO INFORMAT         ";"Q";"N";"00";"0";"  ";"00";"00";"0";"AB";"1";"D";"S";"0";"     ";"00";"0000";"D";"000"
"00";"BARCELONA           ";"Q";"N";"08";"0";"  ";"00";"00";"0";"AB";"1";"D";"S";"3";"     ";"08";"0193";"D";"019"
"10";"L'HOSPITALET LLOBR. ";"Q";"N";"08";"9";"  ";"01";"10";"1";"AB";"4";" ";"S";"3";"     ";"08";"1017";"D";"101"
"11";"CORNELLA            ";"Q";"S";"08";"9";"40";"01";"10";"1";"AB";"4";" ";"S";"3";"     ";"08";"0734";"D";"073"
"20";"GAVA                ";"Q";"S";"08";"8";"50";"03";"30";"1";"AB";"5";" ";"S";"3";"     ";"08";"0898";"D";"089"
"22";"SANT BOI            ";"Q";"S";"08";"8";"30";"03";"31";"1";"AB";"5";" ";"S";"3";"     ";"08";"2009";"D";"200"
"24";"STA.COLOMA CERVELLO ";"Q";"S";"08";"6";"90";"03";"30";"1";"AB";"5";" ";"S";"3";"     ";"08";"2444";"D";"244"
"25";"VILADECANS          ";"Q";"S";"08";"8";"40";"03";"32";"1";"AB";"5";" ";"S";"3";"     ";"08";"3015";"D";"301"
"26";"CASTELLDEFELS       ";"Q";"S";"08";"8";"60";"03";"33";"1";"AB";"5";" ";"S";"3";"     ";"08";"0569";"D";"056"
"27";"LES BOTIGUES SITGES ";"Q";"S";"08";"8";"60";"03";"30";"1";"AB";"5";" ";"S";"3";"     ";"08";"2704";"D";"270"
"28";"TORRELLES LLOBREGAT ";"Q";"S";"08";"6";"29";"03";"30";"1";"AB";"5";" ";"S";"3";"     ";"08";"2896";"D";"289"
"30";"ESPLUGUES           ";"Q";"S";"08";"9";"50";"01";"13";"1";"AB";"4";" ";"S";"3";"     ";"08";"0771";"D";"077"
"31";"SANT FELIU LL.      ";"Q";"S";"08";"9";"80";"01";"14";"1";"AB";"4";" ";"S";"3";"     ";"08";"2114";"D";"211"
"32";"SANT JOAN DESPI     ";"Q";"S";"08";"9";"70";"01";"10";"1";"AB";"4";" ";"S";"3";"     ";"08";"2172";"D";"217"
"33";"SANT JUST DESVERN   ";"Q";"S";"08";"9";"60";"01";"10";"1";"AB";"4";" ";"S";"3";"     ";"08";"2212";"D";"221"
"40";"BADALONA            ";"Q";"N";"08";"9";"  ";"02";"20";"2";"AB";"3";" ";"S";"3";"     ";"08";"0155";"D";"015"
"41";"ARGENTONA           ";"Q";"S";"08";"3";"10";"02";"20";"2";"AB";"3";" ";"N";"3";"     ";"08";"0095";"A";"009"
"42";"CABRERA DE MAR      ";"Q";"S";"08";"3";"49";"02";"20";"2";"AB";"3";" ";"N";"3";"     ";"08";"0291";"A";"029"
"43";"CERDANYOLA          ";"Q";"N";"08";"2";"  ";"02";"22";"2";"AB";"3";" ";"S";"3";"     ";"08";"2665";"D";"266"
"44";"MONTCADA I REIXAC   ";"Q";"S";"08";"1";"10";"02";"21";"2";"AB";"3";" ";"S";"3";"     ";"08";"1252";"D";"125"
"45";"MONTGAT             ";"Q";"S";"08";"3";"90";"02";"20";"2";"AB";"3";" ";"S";"3";"     ";"08";"1265";"D";"126"
"46";"SANT ADRIA          ";"Q";"S";"08";"9";"30";"02";"20";"2";"AB";"3";" ";"S";"3";"     ";"08";"1944";"D";"194"
"47";"STA.COLOMA GRAMENET ";"Q";"N";"08";"9";"  ";"02";"23";"2";"AB";"3";" ";"S";"3";"     ";"08";"2457";"D";"245"
"50";"ALELLA              ";"Q";"S";"08";"3";"28";"02";"20";"2";"AB";"3";" ";"N";"3";"     ";"08";"0039";"A";"003"
"51";"CABRILS             ";"Q";"S";"08";"3";"48";"02";"20";"2";"AB";"3";" ";"N";"3";"     ";"08";"0305";"A";"030"
"52";"DOSRIUS             ";"Q";"S";"08";"3";"19";"02";"20";"2";"AB";"3";" ";"N";"3";"     ";"08";"0752";"A";"075"
"53";"LA LLAGOSTA         ";"Q";"S";"08";"1";"20";"02";"20";"2";"AB";"3";" ";"N";"3";"     ";"08";"1056";"A";"105"
"54";"MATARO              ";"Q";"N";"08";"3";"  ";"02";"20";"2";"AB";"3";" ";"N";"3";"     ";"08";"1213";"A";"121"
"55";"RIPOLLET            ";"Q";"S";"08";"2";"91";"02";"20";"2";"AB";"3";" ";"S";"3";"     ";"08";"1803";"A";"180"
"56";"VILASSAR DE DALT    ";"Q";"S";"08";"3";"39";"02";"20";"2";"AB";"3";" ";"N";"3";"     ";"08";"2140";"A";"214"
"57";"BARBERA DEL VALLES  ";"Q";"S";"08";"2";"10";"02";"20";"2";"AB";"3";" ";"S";"3";"     ";"08";"2520";"A";"252"
"58";"TIANA               ";"Q";"S";"08";"3";"91";"02";"20";"2";"AB";"3";" ";"S";"3";"     ";"08";"2824";"A";"282"
"59";"PREMIA DE DALT      ";"Q";"S";"08";"3";"38";"02";"20";"2";"AB";"3";" ";"N";"3";"     ";"08";"2303";"A";"230"
"60";"BELLATERRA          ";"Q";"S";"08";"1";"93";"02";"20";"2";"AB";"3";" ";"N";"3";"     ";"08";"0266";"A";"266"
"61";"MOLLET DEL VALLES   ";"Q";"S";"08";"1";"00";"02";"20";"2";"AB";"3";" ";"N";"3";"     ";"08";"1249";"A";"124"
"62";"SABADELL            ";"Q";"N";"08";"2";"  ";"00";"00";"0";"AB";"3";"D";"N";"3";"     ";"08";"1878";"A";"187"
"63";"SANT CUGAT          ";"Q";"N";"08";"1";"90";"05";"50";"0";"AB";"1";" ";"S";"3";"     ";"08";"2055";"A";"205"
"64";"TEIA                ";"Q";"S";"08";"3";"29";"02";"20";"2";"AB";"3";" ";"N";"3";"     ";"08";"2819";"A";"281"
"65";"MARTORELLES         ";"Q";"S";"08";"1";"07";"02";"20";"2";"AB";"3";" ";"N";"3";"     ";"08";"1154";"A";"115"
"66";"S.FOST CAMPSENTELLES";"Q";"S";"08";"1";"05";"02";"20";"2";"AB";"3";" ";"N";"3";"     ";"08";"2093";"A";"209"
"67";"BEGUES              ";"Q";"S";"08";"8";"59";"03";"30";"1";"AB";"5";" ";"S";"3";"     ";"08";"0207";"D";"020"
"68";"EL PRAT LLOBREGAT   ";"Q";"S";"08";"8";"20";"03";"30";"0";"AB";"1";" ";"S";"3";"     ";"08";"1691";"A";"169"
"69";"BADIA               ";"Q";"S";"08";"2";"14";"02";"20";"0";"AB";"3";" ";"N";"3";"     ";"08";"9045";"A";"904"
"72";"EL PAPIOL           ";"Q";"S";"08";"7";"54";"03";"30";"1";"AB";"5";" ";"S";"3";"     ";"08";"1580";"D";"158"
"73";"PALLEJA             ";"Q";"S";"08";"7";"80";"03";"30";"1";"AB";"5";" ";"S";"3";"     ";"08";"1574";"D";"157"
"75";"SANT CLIMENT LLOB.  ";"Q";"S";"08";"8";"49";"03";"30";"1";"AB";"5";" ";"S";"3";"     ";"08";"2042";"D";"204"
"77";"MOLINS DE REI       ";"Q";"S";"08";"7";"50";"03";"30";"1";"AB";"4";" ";"N";"3";"     ";"08";"1234";"A";"123"
"78";"ST.VICENÇ DELS HORTS";"Q";"S";"08";"6";"20";"03";"30";"1";"AB";"5";" ";"N";"3";"     ";"08";"2634";"A";"263"
"79";"CERVELLO            ";"Q";"S";"08";"7";"58";"03";"30";"1";"AB";"5";" ";"N";"3";"     ";"08";"0689";"A";"068"
"80";"EL MASNOU           ";"Q";"S";"08";"3";"20";"02";"20";"2";"AB";"3";" ";"N";"3";"     ";"08";"1189";"A";"118"
