ORDEN,NUM_CONCEPTO,DESC_CONCEPTO,CANTIDAD,UNIDAD_MEDIDA,BASE_CALCULO,TIPO_TASA,PRECIO_UNITARIO,PORCENTAJE,IMP_CONCEPTO,IVA_APLICADO
1,'A001','Consum d''aigua bloc 1',f.M3_BLOC1,'M3',f.M3_BLOC1,'UNITARI',a.PREU_M3_BLOC1_FACT,NULL,a.IMP_BLOC1,a.PERCENT_IVA_FACT
2,'A002','Consum d''aigua bloc 2',f.M3_BLOC2,'M3',f.M3_BLOC2,'UNITARI',a.PREU_M3_BLOC2_FACT,NULL,a.IMP_BLOC2,a.PERCENT_IVA_FACT
3,'A003','Consum d''aigua bloc 3',f.M3_BLOC3,'M3',f.M3_BLOC3,'UNITARI',a.PREU_M3_BLOC3_FACT,NULL,a.IMP_BLOC3,a.PERCENT_IVA_FACT
4,'A004','Consum d''aigua bloc 4',f.M3_BLOC4,'M3',f.M3_BLOC4,'UNITARI',a.PREU_M3_BLOC4_FACT,NULL,a.IMP_BLOC4,a.PERCENT_IVA_FACT
5,'A005','Consum d''aigua bloc 5',f.M3_BLOC5,'M3',f.M3_BLOC5,'UNITARI',a.PREU_M3_BLOC5_FACT,NULL,a.IMP_BLOC5,a.PERCENT_IVA_FACT
10,'A010','Quota de servei',1,'FACTURA',1,'UNITARI',a.IMP_QTA_SERV,NULL,a.IMP_QTA_SERV,a.PERCENT_IVA_FACT
20,'A011','Quota o cànon de tarifa bàsica',a.BASE_CT_XBASICA,'BASE',a.BASE_CT_XBASICA,a.TIP_CT_XBASICA_FAC,a.PREU_CT_XBASICA_FA,NULL,a.IMP_CT_XBASICA,a.PERCENT_IVA_FACT
21,'A012','Tarifa o cànon general del subministrament',a.BASE_TCG_SUBM,'BASE',a.BASE_TCG_SUBM,a.TIP_TCG_SUBM_FACT,a.PREU_TCG_SUBM_FACT,NULL,a.IMP_TCG_SUBM,a.PERCENT_IVA_FACT
30,'A020','Clavegueram',a.BASE_CLAVAG,'BASE',a.BASE_CLAVAG,a.TIP_CLAVAG_FACT,a.PREU_CLAVAG_FACT,NULL,a.IMP_CLAVAG,a.PERCENT_IVA_FACT
31,'A021','Sanejament',a.BASE_SANEJA,'BASE',a.BASE_SANEJA,a.TIP_SANEJA_FACT,a.PREU_SANEJA_FACT,NULL,a.IMP_SANEJA,a.PERCENT_IVA_FACT
32,'A022','Residus urbans',a.BASE_ERSU,'BASE',a.BASE_ERSU,a.TIP_ERSU_FACT,a.PREU_ERSU_FACT,NULL,a.IMP_ERSU,a.PERCENT_IVA_FACT
40,'C001','Cànon d''infraestructura hidràulica bloc 1',a.BASE_CIH_BLOC1,'BASE',a.BASE_CIH_BLOC1,a.TIP_CIH_FACT,a.PREU_CIH_BLOC1_FA,NULL,a.IMP_CIH_BLOC1,a.PERCENT_IVA_FACT
41,'C002','Cànon d''infraestructura hidràulica bloc 2',a.BASE_CIH_BLOC2,'BASE',a.BASE_CIH_BLOC2,a.TIP_CIH_FACT,a.PREU_CIH_BLOC2_FA,NULL,a.IMP_CIH_BLOC2,a.PERCENT_IVA_FACT
42,'C003','Cànon d''infraestructura hidràulica bloc 3',a.BASE_CIH_BLOC3,'BASE',a.BASE_CIH_BLOC3,a.TIP_CIH_FACT,a.PREU_CIH_BLOC3_FA,NULL,a.IMP_CIH_BLOC3,a.PERCENT_IVA_FACT
90,'I001','IVA de sanejament',NULL,'PERCENT',a.BASE_IVA_SANEJA,'PERCENT',NULL,a.PERCENT_IVA_FACT,a.IMP_IVA_SANEJA,a.PERCENT_IVA_FACT
91,'I002','IVA del aigua',NULL,'PERCENT',a.BASE_IVA,'PERCENT',NULL,a.PERCENT_IVA_FACT,a.IMP_IVA,a.PERCENT_IVA_FACT
